Order_ID,Date,Customer_Name,Region,Product_Category,Product_Name,Quantity,Sales_Amount,Profit,Discount
1,2024-08-07,Eva,West,Clothing,Jacket,3,508.9,78.17,0.07
2,2024-01-06,Charlie,North,Electronics,Laptop,8,580.63,37.36,0.07
3,2024-04-08,Eva,West,Electronics,Tablet,6,484.13,136.24,0.07
4,2024-01-21,Jack,North,Furniture,Table,8,74.5,9.77,0.08
5,2024-03-07,Grace,East,Groceries,Eggs,3,936.79,61.12,0.13
6,2024-02-19,Ivy,South,Clothing,Shirt,2,172.93,17.36,0.14
7,2024-02-22,David,South,Furniture,Table,8,643.9,133.37,0.05
8,2024-08-19,Alice,East,Groceries,Eggs,2,845.95,176.04,0.18
9,2024-06-16,Hannah,North,Electronics,Tablet,4,334.13,73.16,0.18
10,2024-07-06,David,South,Groceries,Bread,8,978.06,255.21,0.08
11,2024-06-17,Grace,North,Furniture,Sofa,4,275.06,46.16,0.07
12,2024-05-26,Frank,South,Electronics,Tablet,5,999.03,251.16,0.0
13,2024-03-11,Frank,South,Furniture,Bed,3,473.43,82.18,0.06
14,2024-08-19,Bob,North,Groceries,Eggs,7,294.82,41.88,0.04
15,2024-03-01,Eva,North,Electronics,Laptop,4,480.69,120.72,0.08
16,2024-08-20,David,North,Electronics,Headphones,1,158.59,20.87,0.08
17,2024-06-14,David,North,Electronics,Laptop,1,866.32,130.75,0.11
18,2024-08-21,Grace,South,Groceries,Bread,1,482.68,73.01,0.18
19,2024-01-23,Frank,North,Electronics,Headphones,6,760.54,210.51,0.11
20,2024-02-01,Bob,East,Clothing,Jacket,9,255.89,21.82,0.2
21,2024-04-16,Frank,East,Electronics,Smartphone,4,281.22,37.22,0.09
22,2024-01-11,Ivy,South,Clothing,Jeans,5,945.3,265.86,0.13
23,2024-08-19,Frank,West,Furniture,Table,2,153.61,28.22,0.04
24,2024-06-15,Jack,South,Groceries,Eggs,1,934.09,121.02,0.18
25,2024-06-20,Bob,South,Furniture,Sofa,9,367.12,59.04,0.08
26,2024-07-28,Bob,West,Electronics,Headphones,5,444.49,67.69,0.08
27,2024-08-21,Alice,North,Groceries,Milk,8,942.62,219.82,0.18
28,2024-05-15,Jack,East,Electronics,Tablet,2,641.39,46.22,0.1
29,2024-06-11,Eva,East,Furniture,Chair,2,79.44,6.2,0.19
30,2024-04-16,Hannah,West,Groceries,Rice,9,282.88,32.98,0.08
31,2024-02-17,Alice,East,Electronics,Laptop,6,916.83,201.82,0.07
32,2024-02-07,David,South,Furniture,Table,4,298.05,19.31,0.13
33,2024-06-27,David,North,Clothing,Jeans,9,649.42,193.05,0.11
34,2024-05-20,Frank,West,Furniture,Chair,3,158.1,42.2,0.1
35,2024-04-17,Charlie,East,Clothing,Shirt,9,972.82,52.93,0.12
36,2024-02-17,Bob,North,Furniture,Bed,10,206.91,44.65,0.08
37,2024-06-15,Alice,North,Clothing,Jeans,7,90.11,22.49,0.15
38,2024-03-03,Eva,North,Clothing,Jacket,3,170.12,22.91,0.13
39,2024-01-14,Alice,South,Groceries,Eggs,5,132.28,14.82,0.04
40,2024-07-11,Ivy,East,Clothing,Jacket,3,647.01,84.51,0.13
41,2024-02-15,Hannah,South,Groceries,Eggs,4,900.97,252.37,0.16
42,2024-06-21,David,East,Groceries,Milk,7,503.59,47.68,0.18
43,2024-05-29,Frank,South,Electronics,Smartphone,1,164.53,35.2,0.0
44,2024-07-25,Ivy,West,Electronics,Laptop,1,150.31,9.41,0.16
45,2024-05-10,Ivy,North,Electronics,Laptop,8,284.27,16.73,0.16
46,2024-01-14,Eva,West,Groceries,Rice,5,991.49,176.12,0.16
47,2024-02-08,Jack,East,Groceries,Rice,2,831.67,161.57,0.09
48,2024-04-29,Jack,West,Electronics,Tablet,8,417.29,58.2,0.09
49,2024-08-01,Alice,West,Furniture,Chair,5,977.48,244.18,0.05
50,2024-07-01,Grace,North,Groceries,Milk,4,273.26,62.92,0.04
51,2024-06-03,David,South,Furniture,Bed,5,712.86,202.28,0.13
52,2024-08-15,Frank,South,Groceries,Bread,6,346.01,80.36,0.0
53,2024-06-02,David,East,Groceries,Eggs,7,661.2,77.88,0.15
54,2024-01-14,Hannah,West,Furniture,Chair,4,819.18,172.59,0.14
55,2024-06-05,Hannah,East,Groceries,Eggs,1,724.72,189.82,0.02
56,2024-04-27,David,South,Furniture,Sofa,2,956.66,97.63,0.06
57,2024-08-24,Jack,North,Clothing,Jacket,6,218.13,46.33,0.14
58,2024-08-23,Frank,West,Clothing,Shirt,4,117.9,15.94,0.19
59,2024-01-22,Ivy,East,Electronics,Headphones,4,539.84,78.6,0.04
60,2024-03-07,Alice,North,Clothing,Shoes,2,360.8,53.4,0.05
61,2024-07-06,Bob,South,Furniture,Bed,10,637.79,81.83,0.1
62,2024-06-30,Grace,South,Groceries,Rice,4,912.42,89.11,0.15
63,2024-02-12,Frank,West,Electronics,Headphones,9,211.3,39.11,0.15
64,2024-06-30,Grace,North,Electronics,Laptop,5,444.55,53.03,0.09
65,2024-01-15,Jack,North,Electronics,Smartphone,8,813.05,176.82,0.16
66,2024-07-14,Bob,West,Groceries,Eggs,5,387.58,41.74,0.15
67,2024-05-22,Eva,South,Furniture,Bed,7,695.99,150.04,0.08
68,2024-07-15,Hannah,North,Electronics,Headphones,4,286.16,74.3,0.06
69,2024-08-18,David,North,Groceries,Eggs,7,968.87,158.02,0.08
70,2024-01-06,Charlie,West,Furniture,Sofa,5,334.95,65.21,0.17
71,2024-01-07,Eva,South,Clothing,Jeans,1,135.92,39.54,0.0
72,2024-05-03,Hannah,West,Groceries,Bread,6,564.19,161.74,0.05
73,2024-03-23,Bob,North,Furniture,Sofa,1,199.57,45.95,0.06
74,2024-01-09,Alice,North,Electronics,Laptop,4,380.39,69.7,0.07
75,2024-06-05,Bob,East,Electronics,Smartphone,2,381.89,87.68,0.14
76,2024-07-14,Eva,South,Groceries,Bread,1,226.61,38.65,0.04
77,2024-06-15,Ivy,West,Groceries,Milk,6,521.75,35.46,0.09
78,2024-07-20,Charlie,South,Clothing,Shirt,10,132.19,20.3,0.16
79,2024-01-28,Jack,North,Furniture,Chair,1,97.46,12.48,0.17
80,2024-02-09,Ivy,West,Clothing,Shirt,6,127.1,10.42,0.17
81,2024-08-19,Ivy,East,Groceries,Eggs,2,438.23,86.24,0.19
82,2024-01-04,Charlie,North,Groceries,Bread,10,329.41,69.43,0.13
83,2024-04-29,Eva,West,Furniture,Bed,10,151.24,30.59,0.04
84,2024-02-13,Grace,North,Clothing,Shoes,10,808.11,125.56,0.05
85,2024-02-15,Charlie,West,Electronics,Headphones,2,328.22,77.64,0.16
86,2024-07-08,Eva,South,Clothing,Jeans,6,584.88,88.33,0.16
87,2024-07-19,Charlie,West,Electronics,Smartphone,7,770.82,202.5,0.18
88,2024-06-15,Eva,North,Furniture,Sofa,10,581.04,139.46,0.13
89,2024-03-17,Alice,South,Furniture,Table,3,867.91,51.24,0.07
90,2024-02-15,Hannah,West,Groceries,Bread,1,399.91,86.12,0.11
91,2024-03-11,Ivy,West,Clothing,Jacket,3,683.76,48.81,0.14
92,2024-04-18,David,West,Furniture,Table,1,470.89,47.18,0.17
93,2024-01-02,Eva,South,Clothing,Shirt,9,82.06,16.86,0.04
94,2024-06-08,Hannah,East,Groceries,Bread,5,362.82,54.45,0.06
95,2024-02-29,David,East,Groceries,Bread,5,140.52,22.12,0.14
96,2024-06-17,Alice,South,Clothing,Shoes,3,569.57,163.63,0.09
97,2024-02-02,Charlie,West,Clothing,Shoes,10,510.99,88.86,0.17
98,2024-08-03,Jack,East,Groceries,Rice,7,265.17,73.82,0.13
99,2024-03-10,Alice,East,Electronics,Laptop,1,659.25,161.14,0.07
100,2024-06-30,David,West,Furniture,Bed,10,420.83,116.55,0.05
101,2024-03-06,Hannah,South,Groceries,Rice,5,760.62,222.74,0.08
102,2024-03-25,Ivy,East,Clothing,Jeans,2,654.35,144.32,0.2
103,2024-04-14,David,North,Clothing,Jacket,8,333.23,91.54,0.06
104,2024-01-01,Charlie,West,Furniture,Bed,4,708.83,165.69,0.12
105,2024-06-27,Charlie,North,Groceries,Milk,7,761.77,178.8,0.03
106,2024-05-02,David,South,Clothing,Jacket,6,349.13,59.86,0.05
107,2024-06-27,Bob,South,Electronics,Headphones,5,432.61,81.37,0.11
108,2024-07-19,Frank,East,Clothing,Jeans,1,297.74,30.59,0.16
109,2024-07-08,Eva,North,Groceries,Eggs,2,492.59,72.67,0.13
110,2024-07-25,Frank,North,Clothing,Shoes,4,995.06,173.76,0.09
111,2024-02-05,Grace,North,Furniture,Chair,4,513.22,124.7,0.04
112,2024-05-25,Grace,West,Electronics,Headphones,9,879.06,173.08,0.05
113,2024-04-14,Grace,West,Groceries,Eggs,7,333.6,65.65,0.19
114,2024-02-19,Jack,West,Groceries,Eggs,1,477.56,101.02,0.1
115,2024-01-30,Alice,West,Electronics,Headphones,4,683.9,170.96,0.12
116,2024-05-01,Hannah,West,Furniture,Bed,2,191.8,20.4,0.15
117,2024-04-16,David,East,Clothing,Shirt,2,560.92,97.1,0.08
118,2024-06-08,Hannah,East,Groceries,Bread,9,870.54,57.34,0.15
119,2024-03-16,Charlie,North,Furniture,Chair,3,629.66,152.48,0.12
120,2024-07-25,Frank,South,Groceries,Milk,8,570.19,124.5,0.15
121,2024-01-18,Ivy,West,Groceries,Milk,10,456.89,78.72,0.0
122,2024-08-10,Ivy,East,Clothing,Shoes,4,328.18,44.07,0.03
123,2024-05-04,Bob,East,Groceries,Milk,9,492.12,41.97,0.02
124,2024-03-05,Eva,East,Electronics,Tablet,1,641.54,53.18,0.07
125,2024-03-03,Alice,West,Clothing,Shirt,8,190.03,33.48,0.09
126,2024-06-05,David,South,Clothing,Shoes,9,329.56,71.04,0.15
127,2024-06-22,Grace,South,Furniture,Chair,6,259.94,68.19,0.02
128,2024-07-04,Hannah,North,Groceries,Rice,1,274.91,60.16,0.11
129,2024-01-16,Jack,East,Furniture,Sofa,2,116.58,31.21,0.1
130,2024-03-18,Alice,North,Clothing,Jacket,8,642.54,75.65,0.16
131,2024-06-22,Hannah,West,Groceries,Milk,4,97.31,9.54,0.15
132,2024-01-28,Alice,East,Groceries,Milk,10,879.53,136.66,0.09
133,2024-05-28,David,South,Groceries,Bread,1,572.52,144.34,0.14
134,2024-05-15,Bob,North,Electronics,Headphones,5,884.82,197.69,0.15
135,2024-01-04,Frank,East,Groceries,Eggs,3,854.1,219.33,0.07
136,2024-06-25,Jack,East,Groceries,Bread,9,714.25,161.06,0.2
137,2024-03-31,Grace,South,Furniture,Table,2,633.58,37.19,0.2
138,2024-04-16,Frank,West,Groceries,Eggs,7,674.46,177.66,0.07
139,2024-03-28,Charlie,East,Clothing,Jeans,2,904.24,138.26,0.19
140,2024-06-29,David,East,Clothing,Jacket,1,174.52,18.48,0.13
141,2024-05-24,Bob,South,Electronics,Laptop,3,109.56,25.64,0.13
142,2024-06-30,Jack,South,Electronics,Laptop,1,637.49,96.28,0.13
143,2024-05-30,Frank,North,Furniture,Table,10,321.52,22.15,0.01
144,2024-04-08,Bob,East,Clothing,Shoes,7,175.27,13.76,0.1
145,2024-02-07,Ivy,South,Electronics,Headphones,1,470.66,132.06,0.06
146,2024-05-15,Frank,East,Furniture,Sofa,4,896.45,176.06,0.02
147,2024-08-09,David,West,Electronics,Laptop,8,224.13,52.22,0.16
148,2024-04-07,Hannah,West,Furniture,Sofa,7,493.52,98.8,0.13
149,2024-04-20,Jack,West,Electronics,Smartphone,10,203.2,40.07,0.06
150,2024-04-11,Eva,West,Furniture,Bed,3,179.07,22.25,0.01
151,2024-03-10,Bob,West,Clothing,Jeans,10,593.98,98.27,0.17
152,2024-03-03,Ivy,West,Furniture,Bed,4,62.79,6.27,0.05
153,2024-08-25,Ivy,South,Groceries,Bread,1,780.32,100.79,0.1
154,2024-07-04,Grace,South,Electronics,Smartphone,6,98.46,13.0,0.1
155,2024-05-29,Jack,North,Electronics,Laptop,1,623.04,143.31,0.03
156,2024-01-17,Hannah,West,Electronics,Tablet,1,637.42,173.85,0.1
157,2024-06-08,Alice,North,Electronics,Headphones,8,969.29,57.11,0.18
158,2024-08-07,Eva,North,Clothing,Shoes,2,248.37,31.89,0.17
159,2024-06-09,Frank,West,Clothing,Jacket,3,50.93,14.16,0.16
160,2024-06-13,David,North,Clothing,Shoes,8,757.7,177.83,0.09
161,2024-03-17,Hannah,North,Clothing,Jacket,6,146.08,27.75,0.0
162,2024-05-21,Ivy,North,Electronics,Tablet,9,963.78,174.38,0.06
163,2024-07-14,David,West,Electronics,Headphones,6,531.87,116.99,0.16
164,2024-03-26,Ivy,West,Electronics,Headphones,10,408.07,33.21,0.2
165,2024-02-12,Jack,East,Furniture,Bed,5,824.72,212.86,0.05
166,2024-07-27,Hannah,East,Electronics,Laptop,2,264.85,77.25,0.18
167,2024-02-07,Charlie,North,Electronics,Tablet,1,199.77,15.83,0.2
168,2024-02-04,Hannah,West,Electronics,Headphones,10,887.35,85.51,0.1
169,2024-05-08,Alice,South,Clothing,Shirt,8,496.14,73.01,0.13
170,2024-01-14,Jack,West,Groceries,Milk,2,274.24,23.44,0.2
171,2024-02-05,David,North,Electronics,Tablet,9,601.48,78.09,0.19
172,2024-07-06,Charlie,North,Clothing,Jeans,10,260.07,66.96,0.03
173,2024-05-13,Hannah,North,Clothing,Jacket,5,132.6,30.53,0.15
174,2024-03-04,Ivy,South,Electronics,Tablet,6,816.74,93.8,0.04
175,2024-06-07,Grace,East,Clothing,Shirt,1,751.01,210.04,0.01
176,2024-01-10,Alice,South,Furniture,Table,9,841.33,226.06,0.06
177,2024-06-04,Eva,North,Groceries,Bread,5,317.8,25.82,0.04
178,2024-07-18,Charlie,South,Electronics,Smartphone,8,715.7,206.27,0.18
179,2024-04-22,Bob,East,Furniture,Bed,7,164.55,45.85,0.15
180,2024-08-07,Jack,South,Electronics,Laptop,1,218.22,29.07,0.16
181,2024-04-09,Grace,South,Furniture,Sofa,7,873.27,145.17,0.18
182,2024-08-25,David,South,Clothing,Shoes,9,331.54,82.67,0.16
183,2024-01-21,Frank,South,Groceries,Rice,1,624.0,138.97,0.05
184,2024-07-06,David,South,Electronics,Laptop,1,454.9,87.83,0.11
185,2024-08-27,Eva,East,Electronics,Laptop,6,330.66,24.56,0.01
186,2024-07-08,Bob,East,Furniture,Table,4,490.95,64.75,0.15
187,2024-03-10,Ivy,West,Electronics,Laptop,3,479.72,96.68,0.04
188,2024-05-27,David,North,Furniture,Chair,9,300.58,69.61,0.04
189,2024-01-06,Charlie,North,Groceries,Eggs,3,189.22,12.2,0.13
190,2024-01-26,David,East,Electronics,Smartphone,3,767.67,227.1,0.19
191,2024-01-14,Jack,East,Furniture,Chair,4,757.31,139.43,0.09
192,2024-06-04,Hannah,North,Groceries,Rice,5,217.61,42.36,0.09
193,2024-06-08,David,East,Groceries,Rice,7,105.1,16.47,0.07
194,2024-08-02,Ivy,South,Electronics,Tablet,10,228.57,25.87,0.06
195,2024-05-13,Jack,North,Groceries,Eggs,9,146.75,26.1,0.15
196,2024-08-13,David,South,Clothing,Jacket,9,988.36,193.97,0.2
197,2024-06-11,David,East,Furniture,Bed,1,159.2,21.85,0.07
198,2024-03-12,Frank,North,Furniture,Table,3,409.25,62.23,0.1
199,2024-05-19,David,South,Furniture,Table,7,326.4,81.18,0.0
200,2024-05-06,David,West,Clothing,Jeans,9,94.9,16.36,0.15
201,2024-01-17,Grace,West,Groceries,Milk,1,987.45,286.9,0.17
202,2024-08-12,Alice,East,Furniture,Sofa,4,545.28,129.46,0.16
203,2024-01-05,Alice,North,Clothing,Jeans,3,957.89,184.79,0.05
204,2024-01-31,Alice,East,Furniture,Table,6,805.25,160.65,0.12
205,2024-02-09,Charlie,South,Clothing,Shoes,9,99.67,25.99,0.16
206,2024-06-06,Ivy,South,Clothing,Shoes,10,481.52,116.5,0.04
207,2024-08-09,Frank,East,Groceries,Bread,5,442.29,52.13,0.03
208,2024-05-12,Alice,South,Clothing,Jacket,9,911.29,48.52,0.12
209,2024-03-13,Jack,South,Electronics,Smartphone,4,828.04,225.25,0.17
210,2024-08-10,David,South,Groceries,Eggs,4,806.69,78.17,0.2
211,2024-07-18,Hannah,East,Furniture,Bed,10,523.72,37.55,0.06
212,2024-07-16,Jack,East,Clothing,Jacket,8,168.92,14.09,0.03
213,2024-01-10,Jack,East,Groceries,Rice,9,263.2,74.45,0.13
214,2024-08-24,David,South,Clothing,Jeans,4,328.56,42.08,0.16
215,2024-03-22,Frank,North,Furniture,Chair,4,716.89,121.63,0.06
216,2024-08-08,Eva,East,Groceries,Eggs,8,59.26,6.74,0.17
217,2024-04-01,David,East,Clothing,Shoes,9,900.14,269.63,0.07
218,2024-05-08,Ivy,North,Groceries,Rice,6,178.31,37.44,0.03
219,2024-06-11,Hannah,East,Electronics,Laptop,2,768.56,137.41,0.15
220,2024-07-30,Ivy,East,Furniture,Chair,6,478.79,71.17,0.12
221,2024-02-22,Grace,West,Electronics,Tablet,4,906.95,159.99,0.18
222,2024-03-21,Ivy,South,Furniture,Table,4,970.53,245.0,0.17
223,2024-04-13,Frank,West,Groceries,Bread,9,980.15,209.31,0.18
224,2024-08-14,David,East,Clothing,Shoes,9,581.45,30.85,0.12
225,2024-01-30,Hannah,West,Furniture,Table,3,953.86,110.18,0.04
226,2024-06-27,Jack,West,Groceries,Eggs,4,215.07,45.19,0.06
227,2024-01-27,Frank,North,Furniture,Table,2,57.14,6.77,0.08
228,2024-02-23,Alice,South,Furniture,Chair,3,704.88,194.11,0.02
229,2024-02-15,David,East,Clothing,Shirt,7,321.21,55.15,0.13
230,2024-08-13,Grace,East,Electronics,Smartphone,8,814.65,169.64,0.16
231,2024-03-13,Hannah,West,Electronics,Headphones,3,948.73,96.84,0.17
232,2024-03-16,Bob,West,Electronics,Headphones,9,678.62,110.99,0.15
233,2024-07-20,Charlie,East,Electronics,Headphones,3,810.85,142.14,0.15
234,2024-01-01,Grace,South,Furniture,Table,2,718.03,214.53,0.02
235,2024-02-18,Alice,West,Clothing,Shirt,3,579.66,164.52,0.13
236,2024-02-17,Alice,North,Clothing,Shirt,1,476.52,108.19,0.14
237,2024-05-05,David,East,Furniture,Table,5,604.62,67.31,0.08
238,2024-01-28,Frank,West,Clothing,Jacket,6,224.92,27.01,0.14
239,2024-04-09,Ivy,North,Clothing,Shirt,10,418.53,117.02,0.07
240,2024-06-08,Ivy,West,Furniture,Bed,9,190.8,43.93,0.07
241,2024-08-03,David,East,Electronics,Tablet,1,312.23,47.15,0.05
242,2024-03-19,David,North,Furniture,Sofa,9,549.43,123.24,0.16
243,2024-03-14,Jack,North,Furniture,Table,1,981.46,197.03,0.03
244,2024-06-16,Hannah,West,Clothing,Jeans,10,791.45,74.44,0.12
245,2024-07-30,Alice,North,Clothing,Jeans,6,745.77,96.3,0.08
246,2024-04-09,Ivy,North,Clothing,Shoes,10,70.57,4.07,0.16
247,2024-02-19,Charlie,East,Furniture,Sofa,5,942.73,154.18,0.15
248,2024-01-09,David,North,Furniture,Table,10,126.29,7.1,0.12
249,2024-02-20,Grace,South,Furniture,Chair,9,651.12,37.61,0.18
250,2024-01-31,Charlie,South,Furniture,Bed,8,674.72,96.63,0.15
251,2024-08-26,Hannah,West,Furniture,Sofa,1,588.74,135.26,0.14
252,2024-01-14,Jack,West,Clothing,Jacket,6,848.64,201.88,0.08
253,2024-01-20,Hannah,South,Furniture,Table,5,748.06,141.61,0.18
254,2024-03-03,Charlie,South,Electronics,Laptop,5,764.15,142.67,0.1
255,2024-02-15,Grace,East,Electronics,Headphones,7,385.09,83.2,0.06
256,2024-07-27,Ivy,North,Clothing,Jeans,4,949.06,117.01,0.04
257,2024-07-21,Alice,South,Clothing,Shirt,6,590.81,92.66,0.1
258,2024-01-13,David,East,Groceries,Milk,5,525.36,109.19,0.02
259,2024-04-28,Grace,South,Groceries,Rice,5,434.73,126.51,0.0
260,2024-01-08,Alice,East,Electronics,Tablet,3,543.35,132.54,0.16
261,2024-07-17,Alice,South,Furniture,Sofa,1,989.51,261.46,0.0
262,2024-07-30,Frank,North,Groceries,Eggs,8,460.39,55.75,0.09
263,2024-01-21,Eva,South,Clothing,Jacket,8,994.86,198.88,0.14
264,2024-02-25,Hannah,South,Clothing,Jacket,9,630.0,155.77,0.15
265,2024-07-02,Jack,North,Electronics,Headphones,9,647.17,57.29,0.12
266,2024-08-13,Jack,East,Clothing,Jacket,9,577.11,45.06,0.17
267,2024-03-15,Bob,South,Electronics,Laptop,8,822.4,154.27,0.18
268,2024-08-07,Hannah,West,Electronics,Laptop,4,256.94,69.69,0.19
269,2024-01-05,Bob,East,Clothing,Jacket,10,590.35,84.94,0.11
270,2024-01-13,Hannah,South,Clothing,Jeans,7,129.77,33.22,0.02
271,2024-08-25,Alice,North,Groceries,Bread,4,813.19,181.53,0.12
272,2024-04-03,Jack,East,Furniture,Table,9,406.66,60.86,0.11
273,2024-08-22,Hannah,South,Electronics,Smartphone,1,432.59,127.77,0.11
274,2024-02-23,Charlie,North,Clothing,Shoes,4,387.99,21.08,0.07
275,2024-01-05,Bob,West,Electronics,Headphones,2,98.65,25.31,0.09
276,2024-05-04,Grace,East,Electronics,Laptop,9,341.86,47.65,0.1
277,2024-06-19,Alice,South,Groceries,Bread,5,131.8,10.64,0.12
278,2024-08-17,Bob,South,Clothing,Shirt,2,754.8,159.02,0.12
279,2024-06-16,Ivy,East,Groceries,Eggs,2,121.24,13.65,0.1
280,2024-08-09,Alice,East,Groceries,Milk,5,773.97,214.15,0.11
281,2024-07-11,Alice,North,Furniture,Table,8,479.76,61.14,0.15
282,2024-08-08,Jack,South,Clothing,Jeans,4,594.46,81.25,0.06
283,2024-03-10,Grace,East,Groceries,Eggs,1,911.17,77.23,0.1
284,2024-07-28,Alice,North,Clothing,Jeans,8,433.26,77.7,0.0
285,2024-05-14,Hannah,North,Furniture,Sofa,4,585.11,150.44,0.15
286,2024-01-25,Eva,West,Groceries,Milk,8,902.1,189.37,0.17
287,2024-02-09,Alice,East,Furniture,Table,4,918.19,258.6,0.07
288,2024-05-29,Eva,West,Electronics,Laptop,1,305.63,79.57,0.13
289,2024-01-20,Grace,North,Groceries,Bread,6,787.51,54.23,0.15
290,2024-03-10,Hannah,North,Furniture,Table,2,63.62,7.01,0.11
291,2024-02-05,Bob,West,Furniture,Sofa,2,549.17,45.7,0.06
292,2024-05-19,Frank,West,Electronics,Tablet,1,448.31,98.22,0.04
293,2024-05-11,Eva,East,Groceries,Bread,5,728.05,52.43,0.0
294,2024-08-26,Frank,South,Electronics,Smartphone,4,917.18,150.12,0.11
295,2024-06-18,Frank,East,Clothing,Shoes,2,757.22,115.16,0.01
296,2024-06-24,Charlie,South,Groceries,Eggs,2,570.93,113.61,0.07
297,2024-08-26,Jack,North,Electronics,Laptop,9,157.04,30.42,0.07
298,2024-02-01,Bob,East,Furniture,Table,8,243.99,24.73,0.15
299,2024-05-29,Bob,West,Electronics,Laptop,6,431.12,77.07,0.08
300,2024-05-01,Grace,North,Groceries,Rice,7,280.17,18.91,0.17
301,2024-03-17,Hannah,East,Groceries,Eggs,2,82.25,10.69,0.17
302,2024-05-27,Jack,East,Clothing,Jeans,3,489.91,106.54,0.07
303,2024-01-25,Ivy,West,Groceries,Bread,3,65.25,9.88,0.14
304,2024-05-01,Charlie,North,Electronics,Headphones,8,253.09,66.59,0.14
305,2024-03-31,Bob,West,Electronics,Tablet,6,895.93,243.6,0.06
306,2024-06-12,Hannah,East,Electronics,Smartphone,5,412.98,65.72,0.13
307,2024-04-12,David,West,Clothing,Jeans,10,427.66,85.4,0.14
308,2024-06-05,Eva,South,Electronics,Laptop,4,776.48,98.24,0.03
309,2024-08-09,Grace,East,Electronics,Headphones,8,444.8,49.95,0.18
310,2024-01-05,Alice,North,Furniture,Sofa,4,701.73,103.68,0.06
311,2024-07-09,Ivy,South,Groceries,Eggs,6,549.64,141.08,0.01
312,2024-02-20,Alice,East,Clothing,Shirt,5,281.35,58.46,0.01
313,2024-06-12,Grace,North,Groceries,Eggs,2,636.07,66.63,0.14
314,2024-08-06,Hannah,West,Electronics,Headphones,9,447.96,116.93,0.08
315,2024-03-03,Jack,West,Clothing,Shoes,5,312.64,63.1,0.04
316,2024-05-21,Grace,North,Groceries,Bread,10,409.63,70.39,0.11
317,2024-01-04,Bob,South,Furniture,Chair,7,532.93,41.23,0.17
318,2024-01-10,Eva,North,Groceries,Rice,3,310.9,88.76,0.01
319,2024-08-28,Eva,South,Electronics,Headphones,9,76.08,20.84,0.08
320,2024-02-11,Charlie,South,Groceries,Bread,7,677.2,137.97,0.13
321,2024-01-01,Frank,North,Clothing,Jacket,1,383.78,89.87,0.13
322,2024-04-16,Alice,East,Groceries,Rice,10,972.85,186.55,0.16
323,2024-04-05,Frank,North,Clothing,Jacket,2,275.88,41.86,0.06
324,2024-03-03,David,North,Clothing,Jacket,9,462.94,125.76,0.09
325,2024-03-21,Ivy,West,Clothing,Shoes,10,561.55,46.42,0.04
326,2024-06-22,Eva,West,Clothing,Jacket,6,692.69,131.09,0.11
327,2024-05-25,Alice,East,Groceries,Eggs,8,625.17,148.99,0.18
328,2024-03-20,Charlie,South,Electronics,Smartphone,10,372.16,88.27,0.08
329,2024-07-29,Bob,West,Clothing,Shoes,3,718.67,96.0,0.1
330,2024-06-23,Grace,East,Clothing,Jeans,2,151.05,16.74,0.08
331,2024-05-26,Jack,South,Groceries,Bread,8,214.64,47.56,0.08
332,2024-05-29,Alice,North,Furniture,Sofa,9,298.01,70.08,0.15
333,2024-02-04,Grace,West,Furniture,Chair,5,562.5,67.45,0.17
334,2024-05-19,Bob,North,Furniture,Table,1,597.84,53.75,0.08
335,2024-05-08,Frank,North,Electronics,Laptop,9,756.22,94.41,0.18
336,2024-07-11,Jack,South,Groceries,Milk,3,974.29,96.49,0.03
337,2024-02-08,David,North,Electronics,Headphones,1,187.16,40.42,0.18
338,2024-01-23,Eva,East,Furniture,Bed,10,774.2,182.05,0.04
339,2024-07-15,Frank,South,Groceries,Rice,8,242.56,59.16,0.1
340,2024-07-15,Alice,North,Groceries,Eggs,4,66.32,11.15,0.15
341,2024-01-23,Bob,North,Groceries,Rice,3,343.16,30.48,0.08
342,2024-08-08,Alice,West,Electronics,Tablet,8,182.65,54.7,0.14
343,2024-07-24,David,West,Furniture,Bed,9,512.16,143.35,0.04
344,2024-04-21,Grace,West,Electronics,Smartphone,6,949.39,244.47,0.1
345,2024-05-24,Alice,North,Furniture,Chair,1,575.4,84.26,0.0
346,2024-08-05,David,East,Furniture,Sofa,8,804.55,106.35,0.01
347,2024-02-13,Hannah,East,Furniture,Table,2,848.53,250.46,0.16
348,2024-08-10,Grace,West,Furniture,Table,5,102.75,17.3,0.1
349,2024-01-24,Alice,East,Furniture,Sofa,3,369.04,42.67,0.17
350,2024-03-08,Charlie,West,Electronics,Tablet,4,834.42,186.04,0.15
351,2024-03-24,David,South,Groceries,Rice,2,669.99,150.72,0.14
352,2024-02-21,Hannah,West,Electronics,Headphones,1,145.06,25.65,0.12
353,2024-03-29,Hannah,West,Electronics,Laptop,6,616.59,68.04,0.08
354,2024-01-12,Eva,East,Clothing,Jacket,4,726.87,174.1,0.16
355,2024-07-12,Alice,South,Furniture,Bed,6,924.54,123.72,0.14
356,2024-05-19,Bob,South,Furniture,Table,8,585.51,167.63,0.11
357,2024-01-15,Charlie,South,Groceries,Eggs,1,117.36,14.44,0.18
358,2024-07-14,Jack,North,Groceries,Bread,10,74.38,12.62,0.12
359,2024-04-11,Jack,East,Electronics,Laptop,9,153.25,26.12,0.18
360,2024-07-11,Frank,West,Furniture,Bed,7,798.7,238.73,0.16
361,2024-03-08,Grace,East,Groceries,Milk,5,494.9,80.36,0.1
362,2024-04-03,Grace,West,Groceries,Eggs,9,163.25,42.25,0.03
363,2024-06-25,Frank,North,Electronics,Laptop,4,663.7,188.62,0.09
364,2024-04-03,Charlie,North,Electronics,Laptop,9,884.93,75.49,0.14
365,2024-05-16,Charlie,North,Furniture,Chair,8,512.45,78.27,0.14
366,2024-06-15,Bob,West,Electronics,Laptop,4,512.82,83.95,0.18
367,2024-01-17,Jack,West,Clothing,Jeans,9,111.47,11.08,0.16
368,2024-03-29,Alice,North,Furniture,Chair,5,946.77,280.61,0.11
369,2024-06-08,Charlie,North,Clothing,Jacket,9,680.94,186.53,0.09
370,2024-03-02,Charlie,West,Furniture,Table,5,738.17,189.25,0.0
371,2024-03-30,Hannah,West,Furniture,Table,3,165.47,47.48,0.06
372,2024-05-02,Bob,South,Furniture,Table,6,473.9,47.02,0.18
373,2024-04-06,Charlie,East,Furniture,Sofa,4,900.47,224.95,0.18
374,2024-04-06,Hannah,North,Clothing,Jeans,9,794.32,212.87,0.13
375,2024-01-01,Charlie,West,Groceries,Milk,3,585.75,134.28,0.1
376,2024-02-16,David,South,Electronics,Laptop,9,629.69,78.14,0.07
377,2024-03-03,Frank,South,Clothing,Jacket,5,261.0,23.79,0.13
378,2024-06-15,Eva,North,Clothing,Shirt,1,176.04,41.0,0.0
379,2024-06-09,Frank,South,Electronics,Headphones,3,240.24,53.36,0.12
380,2024-01-24,Bob,South,Groceries,Eggs,2,737.94,112.26,0.1
381,2024-01-09,Alice,South,Electronics,Smartphone,9,801.49,218.49,0.18
382,2024-01-24,Jack,South,Electronics,Tablet,4,780.05,91.45,0.13
383,2024-04-15,Jack,South,Electronics,Smartphone,9,995.87,279.35,0.09
384,2024-01-15,Hannah,East,Clothing,Shoes,2,693.1,189.27,0.14
385,2024-06-07,Alice,West,Groceries,Eggs,5,807.27,41.28,0.05
386,2024-08-25,Grace,North,Clothing,Jeans,10,347.9,53.28,0.02
387,2024-02-10,David,East,Furniture,Bed,4,465.59,59.63,0.02
388,2024-08-26,Hannah,East,Electronics,Laptop,8,878.59,224.01,0.18
389,2024-03-13,Eva,South,Electronics,Laptop,6,412.66,35.24,0.16
390,2024-07-13,Frank,West,Furniture,Chair,6,105.17,29.87,0.04
391,2024-03-15,Grace,West,Clothing,Shirt,9,682.15,192.59,0.03
392,2024-05-13,Charlie,West,Electronics,Tablet,3,342.56,45.69,0.08
393,2024-06-14,Alice,East,Electronics,Laptop,7,240.35,21.33,0.07
394,2024-04-23,Eva,West,Groceries,Eggs,3,478.74,119.62,0.01
395,2024-03-28,Ivy,West,Groceries,Eggs,4,359.29,103.13,0.08
396,2024-01-14,David,South,Electronics,Headphones,5,517.09,93.92,0.11
397,2024-01-21,Charlie,East,Electronics,Laptop,8,231.35,69.09,0.12
398,2024-03-21,Grace,East,Furniture,Bed,7,56.14,5.91,0.06
399,2024-01-28,Ivy,West,Furniture,Chair,4,363.0,25.34,0.15
400,2024-05-31,Bob,North,Electronics,Laptop,3,116.4,13.72,0.14
401,2024-06-15,Frank,South,Clothing,Shirt,7,828.57,204.69,0.07
402,2024-07-27,Grace,North,Furniture,Sofa,8,978.12,246.94,0.13
403,2024-06-03,Grace,East,Groceries,Eggs,8,143.68,34.36,0.12
404,2024-04-24,David,North,Electronics,Headphones,8,83.46,20.4,0.09
405,2024-03-09,Grace,West,Furniture,Table,10,389.21,80.18,0.19
406,2024-06-02,Ivy,West,Electronics,Tablet,7,500.01,122.53,0.02
407,2024-08-27,Ivy,North,Clothing,Jacket,10,562.57,35.09,0.19
408,2024-05-19,Jack,North,Clothing,Shoes,6,135.61,11.39,0.07
409,2024-05-24,Frank,South,Clothing,Jacket,10,602.92,168.19,0.02
410,2024-01-29,Eva,South,Groceries,Milk,1,370.35,109.56,0.0
411,2024-04-25,Charlie,North,Furniture,Bed,2,812.95,53.94,0.17
412,2024-08-07,Eva,North,Electronics,Headphones,8,213.44,42.15,0.12
413,2024-07-20,Ivy,South,Furniture,Bed,6,780.74,63.52,0.04
414,2024-06-08,Hannah,North,Electronics,Laptop,10,859.84,194.94,0.15
415,2024-03-18,Hannah,South,Electronics,Headphones,8,740.16,61.11,0.05
416,2024-08-13,Eva,South,Electronics,Headphones,5,210.27,32.77,0.19
417,2024-05-26,Jack,North,Groceries,Eggs,10,195.78,15.9,0.08
418,2024-03-29,Alice,South,Groceries,Rice,8,941.98,272.95,0.08
419,2024-07-24,Ivy,South,Electronics,Smartphone,5,342.9,59.25,0.04
420,2024-04-18,Jack,South,Groceries,Milk,2,871.7,177.83,0.04
421,2024-05-09,Alice,North,Groceries,Rice,5,777.62,186.01,0.02
422,2024-08-11,Frank,South,Furniture,Sofa,9,118.27,31.97,0.14
423,2024-04-30,Frank,East,Groceries,Bread,3,611.84,31.38,0.07
424,2024-05-25,Bob,West,Electronics,Smartphone,1,564.61,52.84,0.14
425,2024-04-09,David,East,Electronics,Headphones,1,799.56,138.01,0.2
426,2024-02-08,David,North,Furniture,Bed,9,264.4,72.67,0.12
427,2024-08-04,David,East,Clothing,Shoes,9,242.88,16.73,0.17
428,2024-05-21,Alice,East,Electronics,Laptop,10,532.6,31.76,0.13
429,2024-02-15,Jack,East,Furniture,Sofa,4,184.18,18.6,0.17
430,2024-02-08,David,West,Electronics,Headphones,7,232.54,12.32,0.02
431,2024-03-25,Grace,West,Furniture,Sofa,6,391.96,88.22,0.19
432,2024-04-12,Bob,South,Groceries,Rice,5,687.3,142.99,0.03
433,2024-07-24,David,West,Clothing,Jacket,1,917.72,112.92,0.07
434,2024-08-15,Ivy,South,Clothing,Shirt,3,571.38,43.71,0.01
435,2024-04-18,Hannah,East,Electronics,Laptop,5,449.23,33.2,0.18
436,2024-06-27,Charlie,South,Furniture,Chair,4,951.47,149.65,0.02
437,2024-07-17,Bob,West,Clothing,Shoes,2,765.08,133.46,0.12
438,2024-01-15,Eva,West,Furniture,Bed,9,685.18,106.94,0.03
439,2024-04-17,Alice,North,Electronics,Smartphone,6,433.71,51.12,0.02
440,2024-02-04,Ivy,South,Clothing,Jacket,5,920.31,117.51,0.14
441,2024-03-31,Eva,West,Furniture,Bed,2,808.94,183.35,0.1
442,2024-07-24,Bob,East,Furniture,Chair,9,358.45,44.28,0.14
443,2024-07-06,Eva,East,Electronics,Smartphone,8,979.32,275.58,0.07
444,2024-02-08,Hannah,North,Groceries,Milk,7,759.9,174.09,0.17
445,2024-04-06,Bob,South,Electronics,Laptop,4,358.23,71.88,0.02
446,2024-01-27,David,North,Groceries,Milk,3,234.57,21.5,0.03
447,2024-01-09,David,West,Furniture,Table,8,984.79,64.85,0.13
448,2024-05-29,Eva,South,Electronics,Smartphone,4,303.81,71.69,0.14
449,2024-03-26,Charlie,East,Clothing,Shirt,1,993.11,111.0,0.06
450,2024-04-28,Bob,North,Furniture,Sofa,9,659.4,155.7,0.16
451,2024-04-20,Jack,West,Furniture,Chair,6,177.43,23.26,0.15
452,2024-04-14,Charlie,East,Furniture,Table,7,886.18,172.12,0.12
453,2024-07-31,Alice,North,Groceries,Bread,7,566.43,123.47,0.17
454,2024-08-26,Charlie,South,Clothing,Jacket,5,205.06,36.25,0.08
455,2024-04-19,David,East,Electronics,Tablet,9,565.03,168.36,0.15
456,2024-04-28,Jack,East,Clothing,Shoes,2,188.87,34.93,0.04
457,2024-01-07,Jack,North,Furniture,Bed,2,352.91,86.57,0.03
458,2024-06-18,Jack,East,Electronics,Smartphone,9,802.81,213.64,0.11
459,2024-03-12,Eva,East,Groceries,Bread,3,373.48,45.19,0.11
460,2024-05-08,Ivy,South,Groceries,Bread,3,363.91,76.14,0.08
461,2024-04-06,Hannah,North,Electronics,Laptop,8,844.89,163.35,0.17
462,2024-08-11,Alice,West,Clothing,Shoes,6,714.82,179.76,0.08
463,2024-06-14,David,East,Clothing,Shoes,10,793.53,42.7,0.17
464,2024-01-14,Alice,North,Clothing,Jacket,1,854.39,175.59,0.07
465,2024-05-10,Bob,South,Furniture,Chair,3,540.92,74.44,0.18
466,2024-07-13,Bob,East,Electronics,Tablet,5,692.85,70.53,0.1
467,2024-01-21,Jack,East,Groceries,Milk,1,834.07,246.49,0.06
468,2024-02-01,Eva,North,Furniture,Bed,1,699.92,136.85,0.06
469,2024-01-24,Bob,North,Clothing,Shirt,7,701.65,129.85,0.11
470,2024-07-19,Hannah,East,Furniture,Bed,1,433.81,80.04,0.05
471,2024-05-31,Bob,West,Clothing,Jeans,2,617.44,182.02,0.19
472,2024-01-30,Hannah,West,Electronics,Smartphone,1,698.06,99.12,0.03
473,2024-02-19,Hannah,North,Electronics,Headphones,1,490.57,46.61,0.18
474,2024-08-11,Bob,North,Electronics,Laptop,1,858.84,245.38,0.02
475,2024-03-17,Alice,North,Furniture,Table,2,546.04,37.01,0.07
476,2024-01-06,Grace,South,Electronics,Tablet,8,239.9,63.47,0.17
477,2024-05-11,Bob,West,Furniture,Chair,8,405.39,95.58,0.16
478,2024-02-11,Eva,West,Groceries,Bread,8,979.68,265.83,0.02
479,2024-03-07,Hannah,West,Electronics,Headphones,2,504.71,47.01,0.05
480,2024-04-09,David,East,Furniture,Chair,9,86.57,14.7,0.08
481,2024-05-06,Charlie,West,Groceries,Bread,5,857.67,246.96,0.11
482,2024-06-13,Hannah,South,Furniture,Sofa,3,120.53,13.78,0.15
483,2024-01-29,Eva,East,Groceries,Bread,6,572.32,121.02,0.18
484,2024-04-10,David,North,Groceries,Bread,9,354.77,84.45,0.09
485,2024-05-22,Charlie,East,Electronics,Tablet,5,787.43,140.62,0.11
486,2024-02-24,Bob,North,Electronics,Headphones,6,169.64,13.98,0.08
487,2024-08-13,Charlie,South,Electronics,Headphones,7,239.89,58.21,0.06
488,2024-07-20,Charlie,South,Electronics,Headphones,6,486.64,91.7,0.15
489,2024-06-13,Alice,East,Groceries,Eggs,8,215.46,22.54,0.06
490,2024-04-02,Jack,South,Clothing,Jeans,8,573.07,114.37,0.14
491,2024-04-10,Grace,North,Clothing,Jacket,6,666.65,126.05,0.04
492,2024-07-27,Charlie,West,Groceries,Eggs,7,761.26,69.09,0.15
493,2024-01-29,Jack,East,Groceries,Bread,7,92.82,21.01,0.19
494,2024-03-01,Hannah,East,Furniture,Sofa,3,540.05,160.46,0.01
495,2024-07-10,Charlie,North,Electronics,Tablet,8,960.77,268.45,0.06
496,2024-04-26,Frank,East,Electronics,Laptop,3,63.24,3.35,0.05
497,2024-05-08,Bob,South,Furniture,Bed,2,162.06,29.18,0.18
498,2024-02-01,Charlie,South,Groceries,Bread,6,573.1,58.74,0.19
499,2024-08-10,Frank,West,Clothing,Jeans,8,629.47,141.11,0.08
500,2024-04-18,Jack,East,Electronics,Laptop,3,145.2,26.1,0.05
